Here is the completion of your CSV dataset, picking up exactly where it cut off at ID 25, followed by the Operational RunBook templates mentioned in your implementation suite overview.

### 2. Standard CSV Plain Text Export (Continued)

```csv
25,Data Extraction & Auditing,Quantitative Trend Analysis,Prompt: Analyze quarterly revenue trends across top 4 competitors,Comparative metric tables with percentage changes,Speeds up financial analysis; Automates repetitive data crunching
26,Data Extraction & Auditing,Unstructured Text to Structured Schema,Prompt: Map this unstructured meeting transcript to our JSON schema,Valid JSON payload conforming strictly to provided schema,Enables automated downstream processing of messy qualitative data
27,Data Extraction & Auditing,Discrepancy & Conflict Detection,System trigger on data conflict,Log of conflicting claims between multiple authoritative sources,Highlights areas requiring human judgment; Prevents relying on flawed consensus
28,Data Extraction & Auditing,Hidden Metadata Extraction,Prompt: Check document metadata for authorship and revision dates,Report detailing document creation dates and hidden authors,Useful for forensic auditing and verifying document origins
29,Data Extraction & Auditing,Sentiment & Tone Quantification,Prompt: Score the sentiment of these 50 recent press releases,Time-series chart data showing sentiment shifts over time,Translates qualitative PR into quantitative market intelligence
30,Data Extraction & Auditing,Regulatory Compliance Check,Prompt: Audit this privacy policy against GDPR requirements,Redline report highlighting specific clauses missing or non-compliant,Automates preliminary legal/compliance screening
31,High Cognition Synthesis,Executive Summary Generation,Prompt: Synthesize these 10 papers into a 1-page executive brief,High-density summary highlighting only critical findings and strategic impacts,Saves executive reading time; Distills massive data into actionable insights
32,High Cognition Synthesis,Cross-Domain Analogy Mapping,Prompt: Explain this quantum computing concept using supply chain analogies,Accessible explanatory text mapping complex variables to familiar concepts,Accelerates stakeholder understanding of highly technical topics
33,High Cognition Synthesis,Scenario Planning & Forecasting,Prompt: Generate 3 likely market scenarios if X acquires Y,Detailed future-state models with probability scores and risk factors,Enhances strategic foresight; Prepares enterprise for market volatility
34,High Cognition Synthesis,Counter-Argument Generation,Prompt: Argue against the primary conclusion of this research report,Devil's advocate memo detailing weak points and alternative interpretations,Stress-tests strategic decisions before execution; Prevents groupthink
35,High Cognition Synthesis,Knowledge Graph Construction,Prompt: Build a relationship graph of these 20 key industry figures,Entity-relationship map outlining influence and connection nodes,Visualizes complex network dynamics for sales or competitive intel
36,High Cognition Synthesis,White Space Identification,Prompt: Analyze the patent landscape for X and identify unaddressed areas,Report highlighting technological gaps and potential innovation vectors,Drives R&D strategy; Uncovers uncrowded market opportunities
37,High Cognition Synthesis,Strategic Recommendation Engine,Prompt: Based on the competitor analysis what are our top 3 tactical moves?,Prioritized list of actionable steps with effort-to-impact ratios,Bridges the gap between raw research and business execution
38,High Cognition Synthesis,Iterative Refinement Prompting,User feedback: Make the tone more formal and expand section 2,Instantly revised document reflecting precise stylistic and structural changes,Ensures the final deliverable matches exact corporate standards
39,High Cognition Synthesis,Multi-Modal Output Generation,Prompt: Output the findings as a markdown report and a Mermaid.js diagram,Dual-format delivery containing text and renderable chart code,Provides versatile assets for presentations and documentation
40,High Cognition Synthesis,Paradigm Shift Detection,System background task analyzing multi-year industry data,Alerts on fundamental shifts in consumer behavior or technology adoption,Provides early-warning signals for massive market disruptions
41,Enterprise Governance,Data Privacy Redaction (PII Masking),Enable PII scrub in agent configuration before output,Sanitized datasets with names and sensitive numbers replaced by placeholders,Ensures zero leakage of sensitive customer data; Maintains SOC2 compliance
42,Enterprise Governance,Token Spend & ROI Auditing,View in enterprise admin dashboard,Dashboard displaying cost-per-query and departmental usage metrics,Enables chargebacks and optimizes AI budget allocations
43,Enterprise Governance,Human-in-the-Loop (HITL) Checkpoints,Set 'Require Approval' flag for tasks exceeding $5 API cost,Execution paused state awaiting manager approval via UI or Slack,Prevents runaway API costs on open-ended autonomous tasks
44,Enterprise Governance,System Prompt Version Control,Manage via GitHub integration or internal CMS,Traceable history of system prompts used for every historical agent run,Ensures reproducibility of research; Critical for compliance audits
45,Enterprise Governance,Hallucination Risk Scoring,Automatically appended to bottom of generated reports,Confidence score percentage based on citation density and source authority,Gives executives a clear metric on how much to trust the automated output
46,Enterprise Governance,Role-Based Access Control (RBAC),Configure in Identity Provider (Okta/Entra),Restricted access where junior staff can only run low-effort predefined agents,Secures high-cost high-power agent capabilities for approved roles
47,Enterprise Governance,Bias Detection & Mitigation,Enable Objective Filter in agent run settings,Warning flags highlighting potential demographic or political bias in the output,Protects brand reputation; Ensures fair and objective corporate analysis
48,Enterprise Governance,IP Contamination Prevention,System rule: Do not train on or memorize internal repository data,Isolated local instance execution that wipes memory post-run,Prevents proprietary enterprise data from leaking into public model weights
49,Enterprise Governance,Automated Runbook Documentation,Trigger at end of complex workflow: /generate-runbook,Exported Markdown/PDF documenting exact steps to reproduce the research,Institutionalizes knowledge; Allows teams to standardize successful workflows
50,Enterprise Governance,Custom MCP (Model Context Protocol) Integration,Provide internal API endpoint via MCP configuration,Agent queries proprietary internal databases alongside public web data,Merges enterprise knowledge with global knowledge securely
```

---

### 3. Operational RunBook Versions

To ensure standardized enterprise deployment, these skills are grouped into Operational RunBooks. Below is the YAML structure for defining a standard execution RunBook using the configured skills.

```yaml
version: "1.0"
runbook_name: "Enterprise Market & Competitor Intelligence"
description: "Automated workflow for synthesizing competitive market shifts, extracting financial metrics, and auditing for compliance."
schedule: "0 9 * * 1" # Runs weekly on Mondays at 9:00 AM

execution_parameters:
  effort_tier: XHIGH
  max_spend_limit_usd: 15.00
  async_cloud_execution: true

phases:
  - phase_1_discovery:
      description: "Deep web navigation and entity mapping"
      skills_utilized: 
        - "Multi-Perspective Query Expansion" (ID: 4)
        - "Trusted-Site Domain Filtering" (ID: 15)
      trusted_domains: ["sec.gov", "bloomberg.com", "reuters.com"]
      
  - phase_2_extraction:
      description: "Pulling quantitative metrics and parsing documents"
      skills_utilized:
        - "Multimodal Document Parsing" (ID: 21)
        - "Quantitative Trend Analysis" (ID: 25)
        - "Structured Data Extraction" (ID: 24)
      output_schema: "financial_metrics_v2.json"

  - phase_3_synthesis_and_governance:
      description: "Drafting the report with human-in-the-loop governance"
      skills_utilized:
        - "Executive Summary Generation" (ID: 31)
        - "Citation Integrity & Verification" (ID: 22)
        - "Human-in-the-Loop (HITL) Checkpoints" (ID: 43)
      approval_routing: "slack_channel_#strategy-approvals"
      final_export_format: ["Markdown", "Mermaid.js Diagram"]
```
